function_id;module;function_name;source_info;inc_time_p;inc_time_s;inc_time_s_min;inc_time_s_avg;inc_time_s_max;inc_cov_deviation;inc_time_deviation;exc_time_p;exc_time_s;exc_time_s_min;exc_time_s_avg;exc_time_s_max;exc_cov_deviation;exc_time_deviation;nb_threads;cats;label_name;flops;flops_sca_sp;flops_sca_dp;flops_vec_sp;flops_vec_dp;flops_sca;flops_vec;flops_sp;flops_dp;
284;libgomp.so.1.0.0;omp_get_num_procs;;14.758100509644;3.7049992084503;0;0;0;0;0;14.758100509644;3.7049992084503;0;0;0;0;0;;"0,0,100,0,0,0,0,0,0,0,0";omp_get_num_procs;;;;;;;;;;
130;omp-cloverleaf;calc_dt_kernel(int, int, int, int, double, double, double, double, double, clover::Buffer2D<double>&, clover::Buffer2D<double>&, clover::Buffer1D<double>&, clover::Buffer1D<double>&, clover::Buffer1D<double>&, clover::Buffer1D<double>&, clover::Buffer2D<double>&, clover::Buffer2D<double>&, clover::Buffer2D<double>&, clover::Buffer2D<double>&, clover::Buffer2D<double>&, clover::Buffer2D<double>&, clover::Buffer2D<double>&, clover::Buffer2D<double>&, double&, int&, double&, double&, int&, int&, int&) [clone ._omp_fn.0];calc_dt.cpp:50-79,calc_dt.cpp:92-92,context.h:46-46,context.h:69-69;6.433002948761;1.6149957180023;0;0;0;0;0;0;0;0;0;0;0;0;;"100,0,0,0,0,0,0,0,0,0,0";_Z14calc_dt_kerneliiiidddddRN6clover8Buffer2DIdEES2_RNS_8Buffer1DIdEES5_S5_S5_S2_S2_S2_S2_S2_S2_S2_S2_RdRiS6_S6_S7_S7_S7_._omp_fn.0;;;;;;;;;;
104;omp-cloverleaf;advec_cell_kernel(int, int, int, int, int, int, clover::Buffer1D<double>&, clover::Buffer1D<double>&, clover::Buffer2D<double>&, clover::Buffer2D<double>&, clover::Buffer2D<double>&, clover::Buffer2D<double>&, clover::Buffer2D<double>&, clover::Buffer2D<double>&, clover::Buffer2D<double>&, clover::Buffer2D<double>&, clover::Buffer2D<double>&, clover::Buffer2D<double>&, clover::Buffer2D<double>&, clover::Buffer2D<double>&, clover::Buffer2D<double>&, clover::Buffer2D<double>&) [clone ._omp_fn.6];stl_algobase.h:238-238,context.h:46-46,context.h:69-69,advec_cell.cpp:157-163,advec_cell.cpp:169-202;5.2181105613708;1.3099988698959;0;0;0;0;0;0;0;0;0;0;0;0;;"100,0,0,0,0,0,0,0,0,0,0";_Z17advec_cell_kerneliiiiiiRN6clover8Buffer1DIdEES2_RNS_8Buffer2DIdEES5_S5_S5_S5_S5_S5_S5_S5_S5_S5_S5_S5_S5_._omp_fn.6;;;;;;;;;;
183;omp-cloverleaf;PdV_kernel(bool, int, int, int, int, double, clover::Buffer2D<double>&, clover::Buffer2D<double>&, clover::Buffer2D<double>&, clover::Buffer2D<double>&, clover::Buffer2D<double>&, clover::Buffer2D<double>&, clover::Buffer2D<double>&, clover::Buffer2D<double>&, clover::Buffer2D<double>&, clover::Buffer2D<double>&, clover::Buffer2D<double>&, clover::Buffer2D<double>&, clover::Buffer2D<double>&, clover::Buffer2D<double>&) [clone ._omp_fn.1];PdV.cpp:69-83,context.h:69-69;5.1981973648071;1.3049997091293;0;0;0;0;0;0;0;0;0;0;0;0;;"100,0,0,0,0,0,0,0,0,0,0";_Z10PdV_kernelbiiiidRN6clover8Buffer2DIdEES2_S2_S2_S2_S2_S2_S2_S2_S2_S2_S2_S2_S2_._omp_fn.1;;;;;;;;;;
-1;kernel;unknown_kernel_region;;4.9990329742432;1.254999756813;0;0;0;0;0;4.9990329742432;1.254999756813;0;0;0;0;0;;"0,0,0,0,0,100,0,0,0,0,0";unknown kernel region;;;;;;;;;;
94;omp-cloverleaf;accelerate_kernel(int, int, int, int, double, clover::Buffer2D<double>&, clover::Buffer2D<double>&, clover::Buffer2D<double>&, clover::Buffer2D<double>&, clover::Buffer2D<double>&, clover::Buffer2D<double>&, clover::Buffer2D<double>&, clover::Buffer2D<double>&, clover::Buffer2D<double>&, clover::Buffer2D<double>&) [clone ._omp_fn.0];accelerate.cpp:40-53,context.h:69-69;4.1625423431396;1.0450000762939;0;0;0;0;0;0;0;0;0;0;0;0;;"100,0,0,0,0,0,0,0,0,0,0";_Z17accelerate_kerneliiiidRN6clover8Buffer2DIdEES2_S2_S2_S2_S2_S2_S2_S2_S2_._omp_fn.0;;;;;;;;;;
182;omp-cloverleaf;PdV_kernel(bool, int, int, int, int, double, clover::Buffer2D<double>&, clover::Buffer2D<double>&, clover::Buffer2D<double>&, clover::Buffer2D<double>&, clover::Buffer2D<double>&, clover::Buffer2D<double>&, clover::Buffer2D<double>&, clover::Buffer2D<double>&, clover::Buffer2D<double>&, clover::Buffer2D<double>&, clover::Buffer2D<double>&, clover::Buffer2D<double>&, clover::Buffer2D<double>&, clover::Buffer2D<double>&) [clone ._omp_fn.0];PdV.cpp:48-63,context.h:69-69;4.0629596710205;1.0199999809265;0;0;0;0;0;0;0;0;0;0;0;0;;"100,0,0,0,0,0,0,0,0,0,0";_Z10PdV_kernelbiiiidRN6clover8Buffer2DIdEES2_S2_S2_S2_S2_S2_S2_S2_S2_S2_S2_S2_S2_._omp_fn.0;;;;;;;;;;
118;omp-cloverleaf;advec_mom_kernel(int, int, int, int, clover::Buffer2D<double>&, clover::Buffer2D<double>&, clover::Buffer2D<double>&, clover::Buffer2D<double>&, clover::Buffer2D<double>&, clover::Buffer2D<double>&, clover::Buffer2D<double>&, clover::Buffer2D<double>&, clover::Buffer2D<double>&, clover::Buffer2D<double>&, clover::Buffer2D<double>&, clover::Buffer2D<double>&, clover::Buffer2D<double>&, clover::Buffer1D<double>&, clover::Buffer1D<double>&, int, int, int) [clone ._omp_fn.10];advec_mom.cpp:180-211,context.h:46-46,context.h:69-69;4.0430436134338;1.0150001049042;0;0;0;0;0;0;0;0;0;0;0;0;;"100,0,0,0,0,0,0,0,0,0,0";_Z16advec_mom_kerneliiiiRN6clover8Buffer2DIdEES2_S2_S2_S2_S2_S2_S2_S2_S2_S2_S2_S2_RNS_8Buffer1DIdEES5_iii._omp_fn.10;;;;;;;;;;
319;omp-cloverleaf;viscosity_kernel(int, int, int, int, clover::Buffer1D<double>&, clover::Buffer1D<double>&, clover::Buffer2D<double>&, clover::Buffer2D<double>&, clover::Buffer2D<double>&, clover::Buffer2D<double>&, clover::Buffer2D<double>&) [clone ._omp_fn.0];context.h:46-46,context.h:69-69,viscosity.cpp:36-49,viscosity.cpp:55-55,viscosity.cpp:62-74;3.8040456771851;0.9549999833107;0;0;0;0;0;0;0;0;0;0;0;0;;"100,0,0,0,0,0,0,0,0,0,0";_Z16viscosity_kerneliiiiRN6clover8Buffer1DIdEES2_RNS_8Buffer2DIdEES5_S5_S5_S5_._omp_fn.0;;;;;;;;;;
103;omp-cloverleaf;advec_cell_kernel(int, int, int, int, int, int, clover::Buffer1D<double>&, clover::Buffer1D<double>&, clover::Buffer2D<double>&, clover::Buffer2D<double>&, clover::Buffer2D<double>&, clover::Buffer2D<double>&, clover::Buffer2D<double>&, clover::Buffer2D<double>&, clover::Buffer2D<double>&, clover::Buffer2D<double>&, clover::Buffer2D<double>&, clover::Buffer2D<double>&, clover::Buffer2D<double>&, clover::Buffer2D<double>&, clover::Buffer2D<double>&, clover::Buffer2D<double>&) [clone ._omp_fn.2];stl_algobase.h:238-238,context.h:46-46,context.h:69-69,advec_cell.cpp:65-110;3.7243797779083;0.93500000238419;0;0;0;0;0;0;0;0;0;0;0;0;;"100,0,0,0,0,0,0,0,0,0,0";_Z17advec_cell_kerneliiiiiiRN6clover8Buffer1DIdEES2_RNS_8Buffer2DIdEES5_S5_S5_S5_S5_S5_S5_S5_S5_S5_S5_S5_S5_._omp_fn.2;;;;;;;;;;
148;omp-cloverleaf;ideal_gas_kernel(int, int, int, int, clover::Buffer2D<double>&, clover::Buffer2D<double>&, clover::Buffer2D<double>&, clover::Buffer2D<double>&) [clone ._omp_fn.0];ideal_gas.cpp:37-45,context.h:69-69;3.5252151489258;0.88499999046326;0;0;0;0;0;0;0;0;0;0;0;0;;"100,0,0,0,0,0,0,0,0,0,0";_Z16ideal_gas_kerneliiiiRN6clover8Buffer2DIdEES2_S2_S2_._omp_fn.0;;;;;;;;;;
117;omp-cloverleaf;advec_mom_kernel(int, int, int, int, clover::Buffer2D<double>&, clover::Buffer2D<double>&, clover::Buffer2D<double>&, clover::Buffer2D<double>&, clover::Buffer2D<double>&, clover::Buffer2D<double>&, clover::Buffer2D<double>&, clover::Buffer2D<double>&, clover::Buffer2D<double>&, clover::Buffer2D<double>&, clover::Buffer2D<double>&, clover::Buffer2D<double>&, clover::Buffer2D<double>&, clover::Buffer1D<double>&, clover::Buffer1D<double>&, int, int, int) [clone ._omp_fn.6];advec_mom.cpp:108-139,context.h:46-46,context.h:69-69;3.087052822113;0.77500003576279;0;0;0;0;0;0;0;0;0;0;0;0;;"100,0,0,0,0,0,0,0,0,0,0";_Z16advec_mom_kerneliiiiRN6clover8Buffer2DIdEES2_S2_S2_S2_S2_S2_S2_S2_S2_S2_S2_S2_RNS_8Buffer1DIdEES5_iii._omp_fn.6;;;;;;;;;;
116;omp-cloverleaf;advec_mom_kernel(int, int, int, int, clover::Buffer2D<double>&, clover::Buffer2D<double>&, clover::Buffer2D<double>&, clover::Buffer2D<double>&, clover::Buffer2D<double>&, clover::Buffer2D<double>&, clover::Buffer2D<double>&, clover::Buffer2D<double>&, clover::Buffer2D<double>&, clover::Buffer2D<double>&, clover::Buffer2D<double>&, clover::Buffer2D<double>&, clover::Buffer2D<double>&, clover::Buffer1D<double>&, clover::Buffer1D<double>&, int, int, int) [clone ._omp_fn.11];advec_mom.cpp:218-221,context.h:69-69;2.9277210235596;0.73500001430511;0;0;0;0;0;0;0;0;0;0;0;0;;"100,0,0,0,0,0,0,0,0,0,0";_Z16advec_mom_kerneliiiiRN6clover8Buffer2DIdEES2_S2_S2_S2_S2_S2_S2_S2_S2_S2_S2_S2_RNS_8Buffer1DIdEES5_iii._omp_fn.11;;;;;;;;;;
142;omp-cloverleaf;flux_calc_kernel(int, int, int, int, double, clover::Buffer2D<double>&, clover::Buffer2D<double>&, clover::Buffer2D<double>&, clover::Buffer2D<double>&, clover::Buffer2D<double>&, clover::Buffer2D<double>&, clover::Buffer2D<double>&, clover::Buffer2D<double>&) [clone ._omp_fn.0];flux_calc.cpp:36-40,context.h:69-69;2.6688070297241;0.6700000166893;0;0;0;0;0;0;0;0;0;0;0;0;;"100,0,0,0,0,0,0,0,0,0,0";_Z16flux_calc_kerneliiiidRN6clover8Buffer2DIdEES2_S2_S2_S2_S2_S2_S2_._omp_fn.0;;;;;;;;;;
113;omp-cloverleaf;advec_mom_kernel(int, int, int, int, clover::Buffer2D<double>&, clover::Buffer2D<double>&, clover::Buffer2D<double>&, clover::Buffer2D<double>&, clover::Buffer2D<double>&, clover::Buffer2D<double>&, clover::Buffer2D<double>&, clover::Buffer2D<double>&, clover::Buffer2D<double>&, clover::Buffer2D<double>&, clover::Buffer2D<double>&, clover::Buffer2D<double>&, clover::Buffer2D<double>&, clover::Buffer1D<double>&, clover::Buffer1D<double>&, int, int, int) [clone ._omp_fn.7];advec_mom.cpp:146-149,context.h:69-69;2.4497256278992;0.6149999499321;0;0;0;0;0;0;0;0;0;0;0;0;;"100,0,0,0,0,0,0,0,0,0,0";_Z16advec_mom_kerneliiiiRN6clover8Buffer2DIdEES2_S2_S2_S2_S2_S2_S2_S2_S2_S2_S2_S2_RNS_8Buffer1DIdEES5_iii._omp_fn.7;;;;;;;;;;
102;omp-cloverleaf;advec_cell_kernel(int, int, int, int, int, int, clover::Buffer1D<double>&, clover::Buffer1D<double>&, clover::Buffer2D<double>&, clover::Buffer2D<double>&, clover::Buffer2D<double>&, clover::Buffer2D<double>&, clover::Buffer2D<double>&, clover::Buffer2D<double>&, clover::Buffer2D<double>&, clover::Buffer2D<double>&, clover::Buffer2D<double>&, clover::Buffer2D<double>&, clover::Buffer2D<double>&, clover::Buffer2D<double>&, clover::Buffer2D<double>&, clover::Buffer2D<double>&) [clone ._omp_fn.7];context.h:69-69,advec_cell.cpp:208-216;2.2306447029114;0.56000006198883;0;0;0;0;0;0;0;0;0;0;0;0;;"100,0,0,0,0,0,0,0,0,0,0";_Z17advec_cell_kerneliiiiiiRN6clover8Buffer1DIdEES2_RNS_8Buffer2DIdEES5_S5_S5_S5_S5_S5_S5_S5_S5_S5_S5_S5_S5_._omp_fn.7;;;;;;;;;;
114;omp-cloverleaf;advec_mom_kernel(int, int, int, int, clover::Buffer2D<double>&, clover::Buffer2D<double>&, clover::Buffer2D<double>&, clover::Buffer2D<double>&, clover::Buffer2D<double>&, clover::Buffer2D<double>&, clover::Buffer2D<double>&, clover::Buffer2D<double>&, clover::Buffer2D<double>&, clover::Buffer2D<double>&, clover::Buffer2D<double>&, clover::Buffer2D<double>&, clover::Buffer2D<double>&, clover::Buffer1D<double>&, clover::Buffer1D<double>&, int, int, int) [clone ._omp_fn.9];advec_mom.cpp:167-172,context.h:69-69;2.111145734787;0.52999997138977;0;0;0;0;0;0;0;0;0;0;0;0;;"100,0,0,0,0,0,0,0,0,0,0";_Z16advec_mom_kerneliiiiRN6clover8Buffer2DIdEES2_S2_S2_S2_S2_S2_S2_S2_S2_S2_S2_S2_RNS_8Buffer1DIdEES5_iii._omp_fn.9;;;;;;;;;;
108;omp-cloverleaf;advec_mom_kernel(int, int, int, int, clover::Buffer2D<double>&, clover::Buffer2D<double>&, clover::Buffer2D<double>&, clover::Buffer2D<double>&, clover::Buffer2D<double>&, clover::Buffer2D<double>&, clover::Buffer2D<double>&, clover::Buffer2D<double>&, clover::Buffer2D<double>&, clover::Buffer2D<double>&, clover::Buffer2D<double>&, clover::Buffer2D<double>&, clover::Buffer2D<double>&, clover::Buffer1D<double>&, clover::Buffer1D<double>&, int, int, int) [clone ._omp_fn.1];advec_mom.cpp:53-57,context.h:69-69;2.0314798355103;0.50999999046326;0;0;0;0;0;0;0;0;0;0;0;0;;"100,0,0,0,0,0,0,0,0,0,0";_Z16advec_mom_kerneliiiiRN6clover8Buffer2DIdEES2_S2_S2_S2_S2_S2_S2_S2_S2_S2_S2_S2_RNS_8Buffer1DIdEES5_iii._omp_fn.1;;;;;;;;;;
99;omp-cloverleaf;advec_cell_kernel(int, int, int, int, int, int, clover::Buffer1D<double>&, clover::Buffer1D<double>&, clover::Buffer2D<double>&, clover::Buffer2D<double>&, clover::Buffer2D<double>&, clover::Buffer2D<double>&, clover::Buffer2D<double>&, clover::Buffer2D<double>&, clover::Buffer2D<double>&, clover::Buffer2D<double>&, clover::Buffer2D<double>&, clover::Buffer2D<double>&, clover::Buffer2D<double>&, clover::Buffer2D<double>&, clover::Buffer2D<double>&, clover::Buffer2D<double>&) [clone ._omp_fn.3];context.h:69-69,advec_cell.cpp:117-125;2.011563539505;0.50500005483627;0;0;0;0;0;0;0;0;0;0;0;0;;"100,0,0,0,0,0,0,0,0,0,0";_Z17advec_cell_kerneliiiiiiRN6clover8Buffer1DIdEES2_RNS_8Buffer2DIdEES5_S5_S5_S5_S5_S5_S5_S5_S5_S5_S5_S5_S5_._omp_fn.3;;;;;;;;;;
111;omp-cloverleaf;advec_mom_kernel(int, int, int, int, clover::Buffer2D<double>&, clover::Buffer2D<double>&, clover::Buffer2D<double>&, clover::Buffer2D<double>&, clover::Buffer2D<double>&, clover::Buffer2D<double>&, clover::Buffer2D<double>&, clover::Buffer2D<double>&, clover::Buffer2D<double>&, clover::Buffer2D<double>&, clover::Buffer2D<double>&, clover::Buffer2D<double>&, clover::Buffer2D<double>&, clover::Buffer1D<double>&, clover::Buffer1D<double>&, int, int, int) [clone ._omp_fn.5];advec_mom.cpp:95-100,context.h:69-69;1.9916468858719;0.5;0;0;0;0;0;0;0;0;0;0;0;0;;"100,0,0,0,0,0,0,0,0,0,0";_Z16advec_mom_kerneliiiiRN6clover8Buffer2DIdEES2_S2_S2_S2_S2_S2_S2_S2_S2_S2_S2_S2_RNS_8Buffer1DIdEES5_iii._omp_fn.5;;;;;;;;;;
107;omp-cloverleaf;advec_mom_kernel(int, int, int, int, clover::Buffer2D<double>&, clover::Buffer2D<double>&, clover::Buffer2D<double>&, clover::Buffer2D<double>&, clover::Buffer2D<double>&, clover::Buffer2D<double>&, clover::Buffer2D<double>&, clover::Buffer2D<double>&, clover::Buffer2D<double>&, clover::Buffer2D<double>&, clover::Buffer2D<double>&, clover::Buffer2D<double>&, clover::Buffer2D<double>&, clover::Buffer1D<double>&, clover::Buffer1D<double>&, int, int, int) [clone ._omp_fn.0];advec_mom.cpp:44-48,context.h:69-69;1.931897521019;0.48499998450279;0;0;0;0;0;0;0;0;0;0;0;0;;"100,0,0,0,0,0,0,0,0,0,0";_Z16advec_mom_kerneliiiiRN6clover8Buffer2DIdEES2_S2_S2_S2_S2_S2_S2_S2_S2_S2_S2_S2_RNS_8Buffer1DIdEES5_iii._omp_fn.0;;;;;;;;;;
140;omp-cloverleaf;field_summary(global_variables&, parallel_&) [clone ._omp_fn.0];context.h:69-69,field_summary.cpp:75-91;1.8721480369568;0.46999996900558;0;0;0;0;0;0;0;0;0;0;0;0;;"100,0,0,0,0,0,0,0,0,0,0";_Z13field_summaryR16global_variablesR9parallel_._omp_fn.0;;;;;;;;;;
186;omp-cloverleaf;reset_field_kernel(int, int, int, int, clover::Buffer2D<double>&, clover::Buffer2D<double>&, clover::Buffer2D<double>&, clover::Buffer2D<double>&, clover::Buffer2D<double>&, clover::Buffer2D<double>&, clover::Buffer2D<double>&, clover::Buffer2D<double>&) [clone ._omp_fn.1];reset_field.cpp:44-48,context.h:69-69;1.5933175086975;0.39999997615814;0;0;0;0;0;0;0;0;0;0;0;0;;"100,0,0,0,0,0,0,0,0,0,0";_Z18reset_field_kerneliiiiRN6clover8Buffer2DIdEES2_S2_S2_S2_S2_S2_S2_._omp_fn.1;;;;;;;;;;
110;omp-cloverleaf;advec_mom_kernel(int, int, int, int, clover::Buffer2D<double>&, clover::Buffer2D<double>&, clover::Buffer2D<double>&, clover::Buffer2D<double>&, clover::Buffer2D<double>&, clover::Buffer2D<double>&, clover::Buffer2D<double>&, clover::Buffer2D<double>&, clover::Buffer2D<double>&, clover::Buffer2D<double>&, clover::Buffer2D<double>&, clover::Buffer2D<double>&, clover::Buffer2D<double>&, clover::Buffer1D<double>&, clover::Buffer1D<double>&, int, int, int) [clone ._omp_fn.3];advec_mom.cpp:71-75,context.h:69-69;1.5933175086975;0.39999997615814;0;0;0;0;0;0;0;0;0;0;0;0;;"100,0,0,0,0,0,0,0,0,0,0";_Z16advec_mom_kerneliiiiRN6clover8Buffer2DIdEES2_S2_S2_S2_S2_S2_S2_S2_S2_S2_S2_S2_RNS_8Buffer1DIdEES5_iii._omp_fn.3;;;;;;;;;;
187;omp-cloverleaf;reset_field_kernel(int, int, int, int, clover::Buffer2D<double>&, clover::Buffer2D<double>&, clover::Buffer2D<double>&, clover::Buffer2D<double>&, clover::Buffer2D<double>&, clover::Buffer2D<double>&, clover::Buffer2D<double>&, clover::Buffer2D<double>&) [clone ._omp_fn.0];reset_field.cpp:34-38,context.h:69-69;1.573401093483;0.39500001072884;0;0;0;0;0;0;0;0;0;0;0;0;;"100,0,0,0,0,0,0,0,0,0,0";_Z18reset_field_kerneliiiiRN6clover8Buffer2DIdEES2_S2_S2_S2_S2_S2_S2_._omp_fn.0;;;;;;;;;;
109;omp-cloverleaf;advec_mom_kernel(int, int, int, int, clover::Buffer2D<double>&, clover::Buffer2D<double>&, clover::Buffer2D<double>&, clover::Buffer2D<double>&, clover::Buffer2D<double>&, clover::Buffer2D<double>&, clover::Buffer2D<double>&, clover::Buffer2D<double>&, clover::Buffer2D<double>&, clover::Buffer2D<double>&, clover::Buffer2D<double>&, clover::Buffer2D<double>&, clover::Buffer2D<double>&, clover::Buffer1D<double>&, clover::Buffer1D<double>&, int, int, int) [clone ._omp_fn.2];advec_mom.cpp:62-66,context.h:69-69;1.5534845590591;0.38999995589256;0;0;0;0;0;0;0;0;0;0;0;0;;"100,0,0,0,0,0,0,0,0,0,0";_Z16advec_mom_kerneliiiiRN6clover8Buffer2DIdEES2_S2_S2_S2_S2_S2_S2_S2_S2_S2_S2_S2_RNS_8Buffer1DIdEES5_iii._omp_fn.2;;;;;;;;;;
190;omp-cloverleaf;revert_kernel(int, int, int, int, clover::Buffer2D<double>&, clover::Buffer2D<double>&, clover::Buffer2D<double>&, clover::Buffer2D<double>&) [clone ._omp_fn.0];revert.cpp:34-38,context.h:69-69;1.5136517286301;0.38000002503395;0;0;0;0;0;0;0;0;0;0;0;0;;"100,0,0,0,0,0,0,0,0,0,0";_Z13revert_kerneliiiiRN6clover8Buffer2DIdEES2_S2_S2_._omp_fn.0;;;;;;;;;;
3611;libc.so.6;__memset_avx2_unaligned_erms;;1.3144869804382;0.3299999833107;0;0;0;0;0;1.3144869804382;0.3299999833107;0;0;0;0;0;;"0,0,0,0,0,0,0,0,0,100,0";__memset_avx2_unaligned_erms;;;;;;;;;;
97;omp-cloverleaf;advec_cell_kernel(int, int, int, int, int, int, clover::Buffer1D<double>&, clover::Buffer1D<double>&, clover::Buffer2D<double>&, clover::Buffer2D<double>&, clover::Buffer2D<double>&, clover::Buffer2D<double>&, clover::Buffer2D<double>&, clover::Buffer2D<double>&, clover::Buffer2D<double>&, clover::Buffer2D<double>&, clover::Buffer2D<double>&, clover::Buffer2D<double>&, clover::Buffer2D<double>&, clover::Buffer2D<double>&, clover::Buffer2D<double>&, clover::Buffer2D<double>&) [clone ._omp_fn.0];context.h:69-69,advec_cell.cpp:44-48;0.95599055290222;0.23999999463558;0;0;0;0;0;0;0;0;0;0;0;0;;"100,0,0,0,0,0,0,0,0,0,0";_Z17advec_cell_kerneliiiiiiRN6clover8Buffer1DIdEES2_RNS_8Buffer2DIdEES5_S5_S5_S5_S5_S5_S5_S5_S5_S5_S5_S5_S5_._omp_fn.0;;;;;;;;;;
100;omp-cloverleaf;advec_cell_kernel(int, int, int, int, int, int, clover::Buffer1D<double>&, clover::Buffer1D<double>&, clover::Buffer2D<double>&, clover::Buffer2D<double>&, clover::Buffer2D<double>&, clover::Buffer2D<double>&, clover::Buffer2D<double>&, clover::Buffer2D<double>&, clover::Buffer2D<double>&, clover::Buffer2D<double>&, clover::Buffer2D<double>&, clover::Buffer2D<double>&, clover::Buffer2D<double>&, clover::Buffer2D<double>&, clover::Buffer2D<double>&, clover::Buffer2D<double>&) [clone ._omp_fn.4];context.h:69-69,advec_cell.cpp:136-140;0.87632471323013;0.22000001370907;0;0;0;0;0;0;0;0;0;0;0;0;;"100,0,0,0,0,0,0,0,0,0,0";_Z17advec_cell_kerneliiiiiiRN6clover8Buffer1DIdEES2_RNS_8Buffer2DIdEES5_S5_S5_S5_S5_S5_S5_S5_S5_S5_S5_S5_S5_._omp_fn.4;;;;;;;;;;
101;omp-cloverleaf;advec_cell_kernel(int, int, int, int, int, int, clover::Buffer1D<double>&, clover::Buffer1D<double>&, clover::Buffer2D<double>&, clover::Buffer2D<double>&, clover::Buffer2D<double>&, clover::Buffer2D<double>&, clover::Buffer2D<double>&, clover::Buffer2D<double>&, clover::Buffer2D<double>&, clover::Buffer2D<double>&, clover::Buffer2D<double>&, clover::Buffer2D<double>&, clover::Buffer2D<double>&, clover::Buffer2D<double>&, clover::Buffer2D<double>&, clover::Buffer2D<double>&) [clone ._omp_fn.5];context.h:69-69,advec_cell.cpp:146-150;0.8564081788063;0.21500000357628;0;0;0;0;0;0;0;0;0;0;0;0;;"100,0,0,0,0,0,0,0,0,0,0";_Z17advec_cell_kerneliiiiiiRN6clover8Buffer1DIdEES2_RNS_8Buffer2DIdEES5_S5_S5_S5_S5_S5_S5_S5_S5_S5_S5_S5_S5_._omp_fn.5;;;;;;;;;;
98;omp-cloverleaf;advec_cell_kernel(int, int, int, int, int, int, clover::Buffer1D<double>&, clover::Buffer1D<double>&, clover::Buffer2D<double>&, clover::Buffer2D<double>&, clover::Buffer2D<double>&, clover::Buffer2D<double>&, clover::Buffer2D<double>&, clover::Buffer2D<double>&, clover::Buffer2D<double>&, clover::Buffer2D<double>&, clover::Buffer2D<double>&, clover::Buffer2D<double>&, clover::Buffer2D<double>&, clover::Buffer2D<double>&, clover::Buffer2D<double>&, clover::Buffer2D<double>&) [clone ._omp_fn.1];context.h:69-69,advec_cell.cpp:54-58;0.81657528877258;0.20499999821186;0;0;0;0;0;0;0;0;0;0;0;0;;"100,0,0,0,0,0,0,0,0,0,0";_Z17advec_cell_kerneliiiiiiRN6clover8Buffer1DIdEES2_RNS_8Buffer2DIdEES5_S5_S5_S5_S5_S5_S5_S5_S5_S5_S5_S5_S5_._omp_fn.1;;;;;;;;;;
115;omp-cloverleaf;advec_mom_kernel(int, int, int, int, clover::Buffer2D<double>&, clover::Buffer2D<double>&, clover::Buffer2D<double>&, clover::Buffer2D<double>&, clover::Buffer2D<double>&, clover::Buffer2D<double>&, clover::Buffer2D<double>&, clover::Buffer2D<double>&, clover::Buffer2D<double>&, clover::Buffer2D<double>&, clover::Buffer2D<double>&, clover::Buffer2D<double>&, clover::Buffer2D<double>&, clover::Buffer1D<double>&, clover::Buffer1D<double>&, int, int, int) [clone ._omp_fn.8];advec_mom.cpp:157-160,context.h:69-69;0.73690938949585;0.18500000238419;0;0;0;0;0;0;0;0;0;0;0;0;;"100,0,0,0,0,0,0,0,0,0,0";_Z16advec_mom_kerneliiiiRN6clover8Buffer2DIdEES2_S2_S2_S2_S2_S2_S2_S2_S2_S2_S2_S2_RNS_8Buffer1DIdEES5_iii._omp_fn.8;;;;;;;;;;
112;omp-cloverleaf;advec_mom_kernel(int, int, int, int, clover::Buffer2D<double>&, clover::Buffer2D<double>&, clover::Buffer2D<double>&, clover::Buffer2D<double>&, clover::Buffer2D<double>&, clover::Buffer2D<double>&, clover::Buffer2D<double>&, clover::Buffer2D<double>&, clover::Buffer2D<double>&, clover::Buffer2D<double>&, clover::Buffer2D<double>&, clover::Buffer2D<double>&, clover::Buffer2D<double>&, clover::Buffer1D<double>&, clover::Buffer1D<double>&, int, int, int) [clone ._omp_fn.4];advec_mom.cpp:85-88,context.h:69-69;0.71699285507202;0.17999997735023;0;0;0;0;0;0;0;0;0;0;0;0;;"100,0,0,0,0,0,0,0,0,0,0";_Z16advec_mom_kerneliiiiRN6clover8Buffer2DIdEES2_S2_S2_S2_S2_S2_S2_S2_S2_S2_S2_S2_RNS_8Buffer1DIdEES5_iii._omp_fn.4;;;;;;;;;;
145;omp-cloverleaf;generate_chunk(int, global_variables&) [clone ._omp_fn.0];generate_chunk.cpp:74-80,context.h:46-46,context.h:69-69;0.25891408324242;0.064999990165234;0;0;0;0;0;0;0;0;0;0;0;0;;"100,0,0,0,0,0,0,0,0,0,0";_Z14generate_chunkiR16global_variables._omp_fn.0;;;;;;;;;;
155;omp-cloverleaf;initialise_chunk(int, global_variables&) [clone ._omp_fn.4];initialise_chunk.cpp:77-82,context.h:46-46,context.h:69-69;0.19916468858719;0.049999997019768;0;0;0;0;0;0;0;0;0;0;0;0;;"100,0,0,0,0,0,0,0,0,0,0";_Z16initialise_chunkiR16global_variables._omp_fn.4;;;;;;;;;;
146;omp-cloverleaf;generate_chunk(int, global_variables&) [clone ._omp_fn.1];generate_chunk.cpp:85-98,generate_chunk.cpp:105-123,context.h:46-46,context.h:69-69;0.11949881911278;0.029999999329448;0;0;0;0;0;0;0;0;0;0;0;0;;"100,0,0,0,0,0,0,0,0,0,0";_Z14generate_chunkiR16global_variables._omp_fn.1;;;;;;;;;;
215;omp-cloverleaf;update_halo_kernel(int, int, int, int, std::array<int, 4ul> const&, std::array<int, 4ul> const&, field_type&, int const*, int) [clone ._omp_fn.22];update_halo.cpp:279-282,context.h:69-69;0.019916469231248;0.0049999998882413;0;0;0;0;0;0;0;0;0;0;0;0;;"100,0,0,0,0,0,0,0,0,0,0";_Z18update_halo_kerneliiiiRKSt5arrayIiLm4EES2_R10field_typePKii._omp_fn.22;;;;;;;;;;
205;omp-cloverleaf;update_halo_kernel(int, int, int, int, std::array<int, 4ul> const&, std::array<int, 4ul> const&, field_type&, int const*, int) [clone ._omp_fn.12];update_halo.cpp:173-176,context.h:69-69;0.019916469231248;0.0049999998882413;0;0;0;0;0;0;0;0;0;0;0;0;;"100,0,0,0,0,0,0,0,0,0,0";_Z18update_halo_kerneliiiiRKSt5arrayIiLm4EES2_R10field_typePKii._omp_fn.12;;;;;;;;;;
199;omp-cloverleaf;update_halo_kernel(int, int, int, int, std::array<int, 4ul> const&, std::array<int, 4ul> const&, field_type&, int const*, int) [clone ._omp_fn.6];update_halo.cpp:107-110,context.h:69-69;0.019916469231248;0.0049999998882413;0;0;0;0;0;0;0;0;0;0;0;0;;"100,0,0,0,0,0,0,0,0,0,0";_Z18update_halo_kerneliiiiRKSt5arrayIiLm4EES2_R10field_typePKii._omp_fn.6;;;;;;;;;;
197;omp-cloverleaf;update_halo_kernel(int, int, int, int, std::array<int, 4ul> const&, std::array<int, 4ul> const&, field_type&, int const*, int) [clone ._omp_fn.4];update_halo.cpp:87-90,context.h:69-69;0.019916469231248;0.0049999998882413;0;0;0;0;0;0;0;0;0;0;0;0;;"100,0,0,0,0,0,0,0,0,0,0";_Z18update_halo_kerneliiiiRKSt5arrayIiLm4EES2_R10field_typePKii._omp_fn.4;;;;;;;;;;
