ID;Module;Source Location;Source Function;Level;Max Time Over Threads (s);Time w.r.t. Wall Time (s);Coverage (% app. time);Speedup if no scalar integer;Speedup if FP arith vectorized;Speedup if fully vectorized;Speedup if FP only;Number of paths;Vectorization Ratio (%);Vectorization Efficiency (%);CQA cycles;CQA cycles if no scalar integer;CQA cycles if FP arith vectorized;CQA cycles if fully vectorized;CQA cycles if FP only
Loop 279;omp-cloverleaf;calc_dt.cpp:53-77,calc_dt.cpp:90-90,context.h:46-46,context.h:69-69;calc_dt_kernel(int, int, int, int, double, double, double, double, double, clover::Buffer2D<double>&, clover::Buffer2D<double>&, clover::Buffer1D<double>&, clover::Buffer1D<double>&, clover::Buffer1D<double>&, clover::Buffer1D<double>&, clover::Buffer2D<double>&, clover::Buffer2D<double>&, clover::Buffer2D<double>&, clover::Buffer2D<double>&, clover::Buffer2D<double>&, clover::Buffer2D<double>&, clover::Buffer2D<double>&, clover::Buffer2D<double>&, double&, int&, double&, double&, int&, int&, int&) [clone ._omp_fn.0];Innermost;1.634997010231;1.6237720251083;6.3979034423828;1.00;1.00;1.84 - 1.77;1.87 - 1.77;1;52.84;58.09;213.00;213.00;213.00;116.00 - 120.00;114.00 - 120.00
Loop 236;omp-cloverleaf;context.h:46-46,context.h:69-69,advec_cell.cpp:163-163,advec_cell.cpp:174-202;advec_cell_kernel(int, int, int, int, int, int, clover::Buffer1D<double>&, clover::Buffer1D<double>&, clover::Buffer2D<double>&, clover::Buffer2D<double>&, clover::Buffer2D<double>&, clover::Buffer2D<double>&, clover::Buffer2D<double>&, clover::Buffer2D<double>&, clover::Buffer2D<double>&, clover::Buffer2D<double>&, clover::Buffer2D<double>&, clover::Buffer2D<double>&, clover::Buffer2D<double>&, clover::Buffer2D<double>&, clover::Buffer2D<double>&, clover::Buffer2D<double>&) [clone ._omp_fn.6];Innermost;1.3649983406067;1.3418154716492;5.2869529724121;1.05;1.00;1.37;3.05;1;65.65;65.11;146.50;139.25;146.50;106.76;48.00
Loop 355;omp-cloverleaf;PdV.cpp:72-83;PdV_kernel(bool, int, int, int, int, double, clover::Buffer2D<double>&, clover::Buffer2D<double>&, clover::Buffer2D<double>&, clover::Buffer2D<double>&, clover::Buffer2D<double>&, clover::Buffer2D<double>&, clover::Buffer2D<double>&, clover::Buffer2D<double>&, clover::Buffer2D<double>&, clover::Buffer2D<double>&, clover::Buffer2D<double>&, clover::Buffer2D<double>&, clover::Buffer2D<double>&, clover::Buffer2D<double>&) [clone ._omp_fn.1];Innermost;1.3499999046326;1.2587405443192;4.9596252441406;1.00;1.00;1.00;1.00;1;100.00;100.00;24.00;24.00;24.00;24.00;24.00
Loop 216;omp-cloverleaf;accelerate.cpp:43-53;accelerate_kernel(int, int, int, int, double, clover::Buffer2D<double>&, clover::Buffer2D<double>&, clover::Buffer2D<double>&, clover::Buffer2D<double>&, clover::Buffer2D<double>&, clover::Buffer2D<double>&, clover::Buffer2D<double>&, clover::Buffer2D<double>&, clover::Buffer2D<double>&, clover::Buffer2D<double>&) [clone ._omp_fn.0];Innermost;1.1050001382828;1.0648945569992;4.1958432197571;1.38;1.00;1.00;1.96;1;100.00;100.00;25.50;18.50;25.50;25.50;13.00
Loop 262;omp-cloverleaf;advec_mom.cpp:180-180,advec_mom.cpp:186-211,context.h:69-69;advec_mom_kernel(int, int, int, int, clover::Buffer2D<double>&, clover::Buffer2D<double>&, clover::Buffer2D<double>&, clover::Buffer2D<double>&, clover::Buffer2D<double>&, clover::Buffer2D<double>&, clover::Buffer2D<double>&, clover::Buffer2D<double>&, clover::Buffer2D<double>&, clover::Buffer2D<double>&, clover::Buffer2D<double>&, clover::Buffer2D<double>&, clover::Buffer2D<double>&, clover::Buffer1D<double>&, clover::Buffer1D<double>&, int, int, int) [clone ._omp_fn.10];Innermost;1.0049999952316;0.99692261219025;3.9280235767365;1.44;2.12;2.88;2.16;6;15.79;28.95;17.25;12.00;8.14;6.00;8.00
Loop 683;omp-cloverleaf;context.h:69-69,viscosity.cpp:39-49,viscosity.cpp:55-55,viscosity.cpp:62-74;viscosity_kernel(int, int, int, int, clover::Buffer1D<double>&, clover::Buffer1D<double>&, clover::Buffer2D<double>&, clover::Buffer2D<double>&, clover::Buffer2D<double>&, clover::Buffer2D<double>&, clover::Buffer2D<double>&) [clone ._omp_fn.0];Innermost;0.98500001430511;0.96167784929276;3.7891540527344;1.00;1.00;1.00;1.00;1;94.74;96.05;81.00 - 84.00;81.00 - 84.00;81.00 - 84.00;81.00 - 84.00;81.00 - 84.00
Loop 233;omp-cloverleaf;stl_algobase.h:238-238,context.h:69-69,advec_cell.cpp:71-72,advec_cell.cpp:79-110;advec_cell_kernel(int, int, int, int, int, int, clover::Buffer1D<double>&, clover::Buffer1D<double>&, clover::Buffer2D<double>&, clover::Buffer2D<double>&, clover::Buffer2D<double>&, clover::Buffer2D<double>&, clover::Buffer2D<double>&, clover::Buffer2D<double>&, clover::Buffer2D<double>&, clover::Buffer2D<double>&, clover::Buffer2D<double>&, clover::Buffer2D<double>&, clover::Buffer2D<double>&, clover::Buffer2D<double>&, clover::Buffer2D<double>&, clover::Buffer2D<double>&) [clone ._omp_fn.2];Innermost;0.97000002861023;0.94279676675797;3.7147595882416;1.15;1.00;1.37;2.29;1;57.91;61.70;110.00;96.00;110.00;80.09;48.00
Loop 353;omp-cloverleaf;PdV.cpp:51-63;PdV_kernel(bool, int, int, int, int, double, clover::Buffer2D<double>&, clover::Buffer2D<double>&, clover::Buffer2D<double>&, clover::Buffer2D<double>&, clover::Buffer2D<double>&, clover::Buffer2D<double>&, clover::Buffer2D<double>&, clover::Buffer2D<double>&, clover::Buffer2D<double>&, clover::Buffer2D<double>&, clover::Buffer2D<double>&, clover::Buffer2D<double>&, clover::Buffer2D<double>&, clover::Buffer2D<double>&) [clone ._omp_fn.0];Innermost;0.93500000238419;0.92013943195343;3.6254863739014;1.00;1.00;1.00;1.00;1;100.00;100.00;24.00;24.00;24.00;24.00;24.00
Loop 306;omp-cloverleaf;ideal_gas.cpp:40-45;ideal_gas_kernel(int, int, int, int, clover::Buffer2D<double>&, clover::Buffer2D<double>&, clover::Buffer2D<double>&, clover::Buffer2D<double>&) [clone ._omp_fn.0];Innermost;0.88499999046326;0.83076882362366;3.2733528614044;1.00;1.00;1.00;1.00;1;100.00;100.00;68.00 - 80.00;68.00 - 80.00;68.00 - 80.00;68.00 - 80.00;68.00 - 80.00
Loop 259;omp-cloverleaf;advec_mom.cpp:108-108,advec_mom.cpp:114-139,context.h:69-69;advec_mom_kernel(int, int, int, int, clover::Buffer2D<double>&, clover::Buffer2D<double>&, clover::Buffer2D<double>&, clover::Buffer2D<double>&, clover::Buffer2D<double>&, clover::Buffer2D<double>&, clover::Buffer2D<double>&, clover::Buffer2D<double>&, clover::Buffer2D<double>&, clover::Buffer2D<double>&, clover::Buffer2D<double>&, clover::Buffer2D<double>&, clover::Buffer2D<double>&, clover::Buffer1D<double>&, clover::Buffer1D<double>&, int, int, int) [clone ._omp_fn.6];Innermost;0.82499998807907;0.79678279161453;3.1394429206848;1.26;2.06;2.46;1.84;6;16.67;29.17;14.75;11.75;7.15;6.00;8.00
Loop 257;omp-cloverleaf;advec_mom.cpp:221-221,context.h:69-69;advec_mom_kernel(int, int, int, int, clover::Buffer2D<double>&, clover::Buffer2D<double>&, clover::Buffer2D<double>&, clover::Buffer2D<double>&, clover::Buffer2D<double>&, clover::Buffer2D<double>&, clover::Buffer2D<double>&, clover::Buffer2D<double>&, clover::Buffer2D<double>&, clover::Buffer2D<double>&, clover::Buffer2D<double>&, clover::Buffer2D<double>&, clover::Buffer2D<double>&, clover::Buffer1D<double>&, clover::Buffer1D<double>&, int, int, int) [clone ._omp_fn.11];Innermost;0.64999997615814;0.63062900304794;2.4847722053528;1.00;1.00;1.00;1.00;1;100.00;100.00;32.00;32.00;32.00;32.00;32.00
Loop 295;omp-cloverleaf;flux_calc.cpp:39-40;flux_calc_kernel(int, int, int, int, double, clover::Buffer2D<double>&, clover::Buffer2D<double>&, clover::Buffer2D<double>&, clover::Buffer2D<double>&, clover::Buffer2D<double>&, clover::Buffer2D<double>&, clover::Buffer2D<double>&, clover::Buffer2D<double>&) [clone ._omp_fn.0];Innermost;0.63999998569489;0.62685281038284;2.4698934555054;1.00;1.00;1.00;1.15;1;100.00;100.00;11.50;11.50;11.50;11.50;10.00
Loop 251;omp-cloverleaf;advec_mom.cpp:149-149,context.h:69-69;advec_mom_kernel(int, int, int, int, clover::Buffer2D<double>&, clover::Buffer2D<double>&, clover::Buffer2D<double>&, clover::Buffer2D<double>&, clover::Buffer2D<double>&, clover::Buffer2D<double>&, clover::Buffer2D<double>&, clover::Buffer2D<double>&, clover::Buffer2D<double>&, clover::Buffer2D<double>&, clover::Buffer2D<double>&, clover::Buffer2D<double>&, clover::Buffer2D<double>&, clover::Buffer1D<double>&, clover::Buffer1D<double>&, int, int, int) [clone ._omp_fn.7];Innermost;0.59999996423721;0.59286683797836;2.3359837532043;1.00;1.00;1.00;1.00;1;100.00;100.00;32.00;32.00;32.00;32.00;32.00
Loop 230;omp-cloverleaf;advec_cell.cpp:211-216;advec_cell_kernel(int, int, int, int, int, int, clover::Buffer1D<double>&, clover::Buffer1D<double>&, clover::Buffer2D<double>&, clover::Buffer2D<double>&, clover::Buffer2D<double>&, clover::Buffer2D<double>&, clover::Buffer2D<double>&, clover::Buffer2D<double>&, clover::Buffer2D<double>&, clover::Buffer2D<double>&, clover::Buffer2D<double>&, clover::Buffer2D<double>&, clover::Buffer2D<double>&, clover::Buffer2D<double>&, clover::Buffer2D<double>&, clover::Buffer2D<double>&) [clone ._omp_fn.7];Innermost;0.56999999284744;0.55006963014603;2.1673562526703;1.00;1.00;1.00;1.00;1;100.00;100.00;32.00;32.00;32.00;32.00;32.00
Loop 253;omp-cloverleaf;advec_mom.cpp:170-172,context.h:69-69;advec_mom_kernel(int, int, int, int, clover::Buffer2D<double>&, clover::Buffer2D<double>&, clover::Buffer2D<double>&, clover::Buffer2D<double>&, clover::Buffer2D<double>&, clover::Buffer2D<double>&, clover::Buffer2D<double>&, clover::Buffer2D<double>&, clover::Buffer2D<double>&, clover::Buffer2D<double>&, clover::Buffer2D<double>&, clover::Buffer2D<double>&, clover::Buffer2D<double>&, clover::Buffer1D<double>&, clover::Buffer1D<double>&, int, int, int) [clone ._omp_fn.9];Innermost;0.5;0.49468505382538;1.9491328001022;1.00;1.00;1.00;1.34;1;100.00;100.00;10.75;10.75;10.75;10.75;8.00
Loop 291;omp-cloverleaf;context.h:69-69,field_summary.cpp:77-91;field_summary(global_variables&, parallel_&) [clone ._omp_fn.0];Single;0.48999997973442;0.47076898813248;1.8548998832703;2.36;2.57;5.78;2.36;1;0.00;24.17;21.25;9.00;8.26;3.68;9.00
Loop 247;omp-cloverleaf;advec_mom.cpp:98-100,context.h:69-69;advec_mom_kernel(int, int, int, int, clover::Buffer2D<double>&, clover::Buffer2D<double>&, clover::Buffer2D<double>&, clover::Buffer2D<double>&, clover::Buffer2D<double>&, clover::Buffer2D<double>&, clover::Buffer2D<double>&, clover::Buffer2D<double>&, clover::Buffer2D<double>&, clover::Buffer2D<double>&, clover::Buffer2D<double>&, clover::Buffer2D<double>&, clover::Buffer2D<double>&, clover::Buffer1D<double>&, clover::Buffer1D<double>&, int, int, int) [clone ._omp_fn.5];Innermost;0.50499999523163;0.46951022744179;1.8499402999878;1.00;1.00;1.00;1.34;1;100.00;100.00;10.75;10.75;10.75;10.75;8.00
Loop 240;omp-cloverleaf;advec_mom.cpp:56-57;advec_mom_kernel(int, int, int, int, clover::Buffer2D<double>&, clover::Buffer2D<double>&, clover::Buffer2D<double>&, clover::Buffer2D<double>&, clover::Buffer2D<double>&, clover::Buffer2D<double>&, clover::Buffer2D<double>&, clover::Buffer2D<double>&, clover::Buffer2D<double>&, clover::Buffer2D<double>&, clover::Buffer2D<double>&, clover::Buffer2D<double>&, clover::Buffer2D<double>&, clover::Buffer1D<double>&, clover::Buffer1D<double>&, int, int, int) [clone ._omp_fn.1];Innermost;0.5;0.46699276566505;1.8400211334229;1.00;1.00;1.00;1.44;1;100.00;100.00;11.50;11.50;11.50;11.50;8.00
Loop 238;omp-cloverleaf;advec_mom.cpp:47-48;advec_mom_kernel(int, int, int, int, clover::Buffer2D<double>&, clover::Buffer2D<double>&, clover::Buffer2D<double>&, clover::Buffer2D<double>&, clover::Buffer2D<double>&, clover::Buffer2D<double>&, clover::Buffer2D<double>&, clover::Buffer2D<double>&, clover::Buffer2D<double>&, clover::Buffer2D<double>&, clover::Buffer2D<double>&, clover::Buffer2D<double>&, clover::Buffer2D<double>&, clover::Buffer1D<double>&, clover::Buffer1D<double>&, int, int, int) [clone ._omp_fn.0];Innermost;0.46500000357628;0.44433546066284;1.7507477998734;1.00;1.00;1.00;1.44;1;100.00;100.00;11.50;11.50;11.50;11.50;8.00
Loop 223;omp-cloverleaf;advec_cell.cpp:120-125;advec_cell_kernel(int, int, int, int, int, int, clover::Buffer1D<double>&, clover::Buffer1D<double>&, clover::Buffer2D<double>&, clover::Buffer2D<double>&, clover::Buffer2D<double>&, clover::Buffer2D<double>&, clover::Buffer2D<double>&, clover::Buffer2D<double>&, clover::Buffer2D<double>&, clover::Buffer2D<double>&, clover::Buffer2D<double>&, clover::Buffer2D<double>&, clover::Buffer2D<double>&, clover::Buffer2D<double>&, clover::Buffer2D<double>&, clover::Buffer2D<double>&) [clone ._omp_fn.3];Innermost;0.45000001788139;0.43048933148384;1.6961920261383;1.00;1.00;1.00;1.00;1;100.00;100.00;32.00;32.00;32.00;32.00;32.00
Loop 245;omp-cloverleaf;advec_mom.cpp:74-75;advec_mom_kernel(int, int, int, int, clover::Buffer2D<double>&, clover::Buffer2D<double>&, clover::Buffer2D<double>&, clover::Buffer2D<double>&, clover::Buffer2D<double>&, clover::Buffer2D<double>&, clover::Buffer2D<double>&, clover::Buffer2D<double>&, clover::Buffer2D<double>&, clover::Buffer2D<double>&, clover::Buffer2D<double>&, clover::Buffer2D<double>&, clover::Buffer2D<double>&, clover::Buffer1D<double>&, clover::Buffer1D<double>&, int, int, int) [clone ._omp_fn.3];Innermost;0.40000000596046;0.39146834611893;1.5424436330795;1.00;1.00;1.00;2.00;1;100.00;100.00;16.00;16.00;16.00;16.00;8.00
Loop 242;omp-cloverleaf;advec_mom.cpp:65-66;advec_mom_kernel(int, int, int, int, clover::Buffer2D<double>&, clover::Buffer2D<double>&, clover::Buffer2D<double>&, clover::Buffer2D<double>&, clover::Buffer2D<double>&, clover::Buffer2D<double>&, clover::Buffer2D<double>&, clover::Buffer2D<double>&, clover::Buffer2D<double>&, clover::Buffer2D<double>&, clover::Buffer2D<double>&, clover::Buffer2D<double>&, clover::Buffer2D<double>&, clover::Buffer1D<double>&, clover::Buffer1D<double>&, int, int, int) [clone ._omp_fn.2];Innermost;0.41500002145767;0.38643342256546;1.5226051807404;1.00;1.00;1.00;2.00;1;100.00;100.00;16.00;16.00;16.00;16.00;8.00
Loop 360;omp-cloverleaf;reset_field.cpp:47-48;reset_field_kernel(int, int, int, int, clover::Buffer2D<double>&, clover::Buffer2D<double>&, clover::Buffer2D<double>&, clover::Buffer2D<double>&, clover::Buffer2D<double>&, clover::Buffer2D<double>&, clover::Buffer2D<double>&, clover::Buffer2D<double>&) [clone ._omp_fn.1];Innermost;0.39500001072884;0.38517463207245;1.5176454782486;1.00;1.00;1.00;16.00;1;100.00;100.00;16.00;16.00;16.00;16.00;1.00
Loop 365;omp-cloverleaf;revert.cpp:37-38;revert_kernel(int, int, int, int, clover::Buffer2D<double>&, clover::Buffer2D<double>&, clover::Buffer2D<double>&, clover::Buffer2D<double>&) [clone ._omp_fn.0];Innermost;0.37999999523163;0.37636345624924;1.4829280376434;1.00;1.00;1.00;16.00;1;100.00;100.00;16.00;16.00;16.00;16.00;1.00
Loop 362;omp-cloverleaf;reset_field.cpp:37-38;reset_field_kernel(int, int, int, int, clover::Buffer2D<double>&, clover::Buffer2D<double>&, clover::Buffer2D<double>&, clover::Buffer2D<double>&, clover::Buffer2D<double>&, clover::Buffer2D<double>&, clover::Buffer2D<double>&, clover::Buffer2D<double>&) [clone ._omp_fn.0];Innermost;0.35499998927116;0.3436361849308;1.3539776802063;1.00;1.00;1.00;16.00;1;100.00;100.00;16.00;16.00;16.00;16.00;1.00
Loop 225;omp-cloverleaf;advec_cell.cpp:139-140;advec_cell_kernel(int, int, int, int, int, int, clover::Buffer1D<double>&, clover::Buffer1D<double>&, clover::Buffer2D<double>&, clover::Buffer2D<double>&, clover::Buffer2D<double>&, clover::Buffer2D<double>&, clover::Buffer2D<double>&, clover::Buffer2D<double>&, clover::Buffer2D<double>&, clover::Buffer2D<double>&, clover::Buffer2D<double>&, clover::Buffer2D<double>&, clover::Buffer2D<double>&, clover::Buffer2D<double>&, clover::Buffer2D<double>&, clover::Buffer2D<double>&) [clone ._omp_fn.4];Innermost;0.21500000357628;0.21398591995239;0.84313637018204;1.00;1.00;1.00;1.29;1;100.00;100.00;15.50;15.50;15.50;15.50;12.00
Loop 219;omp-cloverleaf;advec_cell.cpp:47-48;advec_cell_kernel(int, int, int, int, int, int, clover::Buffer1D<double>&, clover::Buffer1D<double>&, clover::Buffer2D<double>&, clover::Buffer2D<double>&, clover::Buffer2D<double>&, clover::Buffer2D<double>&, clover::Buffer2D<double>&, clover::Buffer2D<double>&, clover::Buffer2D<double>&, clover::Buffer2D<double>&, clover::Buffer2D<double>&, clover::Buffer2D<double>&, clover::Buffer2D<double>&, clover::Buffer2D<double>&, clover::Buffer2D<double>&, clover::Buffer2D<double>&) [clone ._omp_fn.0];Innermost;0.21999999880791;0.20013976097107;0.7885804772377;1.00;1.00;1.00;1.29;1;100.00;100.00;15.50;15.50;15.50;15.50;12.00
Loop 221;omp-cloverleaf;advec_cell.cpp:57-58;advec_cell_kernel(int, int, int, int, int, int, clover::Buffer1D<double>&, clover::Buffer1D<double>&, clover::Buffer2D<double>&, clover::Buffer2D<double>&, clover::Buffer2D<double>&, clover::Buffer2D<double>&, clover::Buffer2D<double>&, clover::Buffer2D<double>&, clover::Buffer2D<double>&, clover::Buffer2D<double>&, clover::Buffer2D<double>&, clover::Buffer2D<double>&, clover::Buffer2D<double>&, clover::Buffer2D<double>&, clover::Buffer2D<double>&, clover::Buffer2D<double>&) [clone ._omp_fn.1];Innermost;0.1950000077486;0.19132858514786;0.75386309623718;1.00;1.00;1.00;2.13;1;100.00;100.00;8.50;8.50;8.50;8.50;4.00
Loop 255;omp-cloverleaf;advec_mom.cpp:160-160;advec_mom_kernel(int, int, int, int, clover::Buffer2D<double>&, clover::Buffer2D<double>&, clover::Buffer2D<double>&, clover::Buffer2D<double>&, clover::Buffer2D<double>&, clover::Buffer2D<double>&, clover::Buffer2D<double>&, clover::Buffer2D<double>&, clover::Buffer2D<double>&, clover::Buffer2D<double>&, clover::Buffer2D<double>&, clover::Buffer2D<double>&, clover::Buffer2D<double>&, clover::Buffer1D<double>&, clover::Buffer1D<double>&, int, int, int) [clone ._omp_fn.8];Innermost;0.19000001251698;0.19006983935833;0.74890351295471;1.00;1.00;1.00;1.19;1;100.00;100.00;9.50;9.50;9.50;9.50;8.00
Loop 227;omp-cloverleaf;advec_cell.cpp:149-150;advec_cell_kernel(int, int, int, int, int, int, clover::Buffer1D<double>&, clover::Buffer1D<double>&, clover::Buffer2D<double>&, clover::Buffer2D<double>&, clover::Buffer2D<double>&, clover::Buffer2D<double>&, clover::Buffer2D<double>&, clover::Buffer2D<double>&, clover::Buffer2D<double>&, clover::Buffer2D<double>&, clover::Buffer2D<double>&, clover::Buffer2D<double>&, clover::Buffer2D<double>&, clover::Buffer2D<double>&, clover::Buffer2D<double>&, clover::Buffer2D<double>&) [clone ._omp_fn.5];Innermost;0.19499999284744;0.18755234777927;0.73898416757584;1.00;1.00;1.00;2.13;1;100.00;100.00;8.50;8.50;8.50;8.50;4.00
Loop 249;omp-cloverleaf;advec_mom.cpp:88-88;advec_mom_kernel(int, int, int, int, clover::Buffer2D<double>&, clover::Buffer2D<double>&, clover::Buffer2D<double>&, clover::Buffer2D<double>&, clover::Buffer2D<double>&, clover::Buffer2D<double>&, clover::Buffer2D<double>&, clover::Buffer2D<double>&, clover::Buffer2D<double>&, clover::Buffer2D<double>&, clover::Buffer2D<double>&, clover::Buffer2D<double>&, clover::Buffer2D<double>&, clover::Buffer1D<double>&, clover::Buffer1D<double>&, int, int, int) [clone ._omp_fn.4];Innermost;0.19999998807907;0.18125864863396;0.71418607234955;1.00;1.00;1.00;1.19;1;100.00;100.00;9.50;9.50;9.50;9.50;8.00
Loop 298;omp-cloverleaf;generate_chunk.cpp:77-80;generate_chunk(int, global_variables&) [clone ._omp_fn.0];Innermost;0.054999999701977;0.050349626690149;0.1983850300312;1.00;1.00;1.00;16.00;1;50.00;62.50;16.00;16.00;16.00;16.00;1.00
Loop 302;omp-cloverleaf;generate_chunk.cpp:91-98,context.h:46-46,context.h:69-69;generate_chunk(int, global_variables&) [clone ._omp_fn.1];Innermost;0.08500000089407;0.045314662158489;0.17854651808739;2.24;1.00;4.00;5.91;25;0.00;25.00;65.00;29.00;65.00;16.25;11.00
Loop 312;omp-cloverleaf;initialise_chunk.cpp:80-82;initialise_chunk(int, global_variables&) [clone ._omp_fn.4];Innermost;0.044999998062849;0.036503478884697;0.14382913708687;1.00;1.00;1.00;24.00;1;80.00;85.00;24.00;24.00;24.00;24.00;1.00
Loop 215;omp-cloverleaf;accelerate.cpp:42-53,context.h:69-69;accelerate_kernel(int, int, int, int, double, clover::Buffer2D<double>&, clover::Buffer2D<double>&, clover::Buffer2D<double>&, clover::Buffer2D<double>&, clover::Buffer2D<double>&, clover::Buffer2D<double>&, clover::Buffer2D<double>&, clover::Buffer2D<double>&, clover::Buffer2D<double>&, clover::Buffer2D<double>&) [clone ._omp_fn.0];Outermost;0.0099999997764826;0.0050349626690149;0.019838502630591;3.32;1.73;5.25;4.60;8;33.56;32.55;119.50;36.00;69.00;22.75;26.00
Loop 305;omp-cloverleaf;ideal_gas.cpp:37-41,ideal_gas.cpp:44-45,context.h:69-69;ideal_gas_kernel(int, int, int, int, clover::Buffer2D<double>&, clover::Buffer2D<double>&, clover::Buffer2D<double>&, clover::Buffer2D<double>&) [clone ._omp_fn.0];Outermost;0.0099999997764826;0.0037762217689306;0.014878876507282;1.00;1.07;1.07;1.00;32;63.77;63.59;68.00 - 80.00;68.00 - 80.00;63.75 - 75.00;63.75 - 75.00;68.00 - 80.00
Loop 244;omp-cloverleaf;advec_mom.cpp:73-75,context.h:69-69;advec_mom_kernel(int, int, int, int, clover::Buffer2D<double>&, clover::Buffer2D<double>&, clover::Buffer2D<double>&, clover::Buffer2D<double>&, clover::Buffer2D<double>&, clover::Buffer2D<double>&, clover::Buffer2D<double>&, clover::Buffer2D<double>&, clover::Buffer2D<double>&, clover::Buffer2D<double>&, clover::Buffer2D<double>&, clover::Buffer2D<double>&, clover::Buffer2D<double>&, clover::Buffer1D<double>&, clover::Buffer1D<double>&, int, int, int) [clone ._omp_fn.3];Outermost;0.0049999998882413;0.0037762217689306;0.014878876507282;2.26;1.01;1.16;3.98;64;62.12;65.72;45.75;20.25;45.24;39.59;11.50
Loop 294;omp-cloverleaf;flux_calc.cpp:38-40,context.h:69-69;flux_calc_kernel(int, int, int, int, double, clover::Buffer2D<double>&, clover::Buffer2D<double>&, clover::Buffer2D<double>&, clover::Buffer2D<double>&, clover::Buffer2D<double>&, clover::Buffer2D<double>&, clover::Buffer2D<double>&, clover::Buffer2D<double>&) [clone ._omp_fn.0];Outermost;0.0099999997764826;0.0025174813345075;0.0099192513152957;NA;NA;NA;NA;NA;NA;NA;NA;NA;NA;NA;NA
Loop 256;omp-cloverleaf;advec_mom.cpp:220-221,context.h:69-69;advec_mom_kernel(int, int, int, int, clover::Buffer2D<double>&, clover::Buffer2D<double>&, clover::Buffer2D<double>&, clover::Buffer2D<double>&, clover::Buffer2D<double>&, clover::Buffer2D<double>&, clover::Buffer2D<double>&, clover::Buffer2D<double>&, clover::Buffer2D<double>&, clover::Buffer2D<double>&, clover::Buffer2D<double>&, clover::Buffer2D<double>&, clover::Buffer2D<double>&, clover::Buffer1D<double>&, clover::Buffer1D<double>&, int, int, int) [clone ._omp_fn.11];Outermost;0.0049999998882413;0.0025174813345075;0.0099192513152957;NA;NA;NA;NA;NA;NA;NA;NA;NA;NA;NA;NA
Loop 254;omp-cloverleaf;advec_mom.cpp:159-160,context.h:69-69;advec_mom_kernel(int, int, int, int, clover::Buffer2D<double>&, clover::Buffer2D<double>&, clover::Buffer2D<double>&, clover::Buffer2D<double>&, clover::Buffer2D<double>&, clover::Buffer2D<double>&, clover::Buffer2D<double>&, clover::Buffer2D<double>&, clover::Buffer2D<double>&, clover::Buffer2D<double>&, clover::Buffer2D<double>&, clover::Buffer2D<double>&, clover::Buffer2D<double>&, clover::Buffer1D<double>&, clover::Buffer1D<double>&, int, int, int) [clone ._omp_fn.8];Outermost;0.0049999998882413;0.0025174813345075;0.0099192513152957;NA;NA;NA;NA;NA;NA;NA;NA;NA;NA;NA;NA
Loop 252;omp-cloverleaf;advec_mom.cpp:169-172,context.h:69-69;advec_mom_kernel(int, int, int, int, clover::Buffer2D<double>&, clover::Buffer2D<double>&, clover::Buffer2D<double>&, clover::Buffer2D<double>&, clover::Buffer2D<double>&, clover::Buffer2D<double>&, clover::Buffer2D<double>&, clover::Buffer2D<double>&, clover::Buffer2D<double>&, clover::Buffer2D<double>&, clover::Buffer2D<double>&, clover::Buffer2D<double>&, clover::Buffer2D<double>&, clover::Buffer1D<double>&, clover::Buffer1D<double>&, int, int, int) [clone ._omp_fn.9];Outermost;0.0049999998882413;0.0025174813345075;0.0099192513152957;NA;NA;NA;NA;NA;NA;NA;NA;NA;NA;NA;NA
Loop 250;omp-cloverleaf;advec_mom.cpp:148-149,context.h:69-69;advec_mom_kernel(int, int, int, int, clover::Buffer2D<double>&, clover::Buffer2D<double>&, clover::Buffer2D<double>&, clover::Buffer2D<double>&, clover::Buffer2D<double>&, clover::Buffer2D<double>&, clover::Buffer2D<double>&, clover::Buffer2D<double>&, clover::Buffer2D<double>&, clover::Buffer2D<double>&, clover::Buffer2D<double>&, clover::Buffer2D<double>&, clover::Buffer2D<double>&, clover::Buffer1D<double>&, clover::Buffer1D<double>&, int, int, int) [clone ._omp_fn.7];Outermost;0.0049999998882413;0.0025174813345075;0.0099192513152957;NA;NA;NA;NA;NA;NA;NA;NA;NA;NA;NA;NA
Loop 246;omp-cloverleaf;advec_mom.cpp:97-100,context.h:69-69;advec_mom_kernel(int, int, int, int, clover::Buffer2D<double>&, clover::Buffer2D<double>&, clover::Buffer2D<double>&, clover::Buffer2D<double>&, clover::Buffer2D<double>&, clover::Buffer2D<double>&, clover::Buffer2D<double>&, clover::Buffer2D<double>&, clover::Buffer2D<double>&, clover::Buffer2D<double>&, clover::Buffer2D<double>&, clover::Buffer2D<double>&, clover::Buffer2D<double>&, clover::Buffer1D<double>&, clover::Buffer1D<double>&, int, int, int) [clone ._omp_fn.5];Outermost;0.0099999997764826;0.0025174813345075;0.0099192513152957;NA;NA;NA;NA;NA;NA;NA;NA;NA;NA;NA;NA
Loop 239;omp-cloverleaf;advec_mom.cpp:53-57,context.h:69-69;advec_mom_kernel(int, int, int, int, clover::Buffer2D<double>&, clover::Buffer2D<double>&, clover::Buffer2D<double>&, clover::Buffer2D<double>&, clover::Buffer2D<double>&, clover::Buffer2D<double>&, clover::Buffer2D<double>&, clover::Buffer2D<double>&, clover::Buffer2D<double>&, clover::Buffer2D<double>&, clover::Buffer2D<double>&, clover::Buffer2D<double>&, clover::Buffer2D<double>&, clover::Buffer1D<double>&, clover::Buffer1D<double>&, int, int, int) [clone ._omp_fn.1];Outermost;0.0049999998882413;0.0025174813345075;0.0099192513152957;NA;NA;NA;NA;NA;NA;NA;NA;NA;NA;NA;NA
Loop 237;omp-cloverleaf;advec_mom.cpp:44-48,context.h:69-69;advec_mom_kernel(int, int, int, int, clover::Buffer2D<double>&, clover::Buffer2D<double>&, clover::Buffer2D<double>&, clover::Buffer2D<double>&, clover::Buffer2D<double>&, clover::Buffer2D<double>&, clover::Buffer2D<double>&, clover::Buffer2D<double>&, clover::Buffer2D<double>&, clover::Buffer2D<double>&, clover::Buffer2D<double>&, clover::Buffer2D<double>&, clover::Buffer2D<double>&, clover::Buffer1D<double>&, clover::Buffer1D<double>&, int, int, int) [clone ._omp_fn.0];Outermost;0.0049999998882413;0.0025174813345075;0.0099192513152957;NA;NA;NA;NA;NA;NA;NA;NA;NA;NA;NA;NA
Loop 409;omp-cloverleaf;update_halo.cpp:195-196,context.h:69-69;update_halo_kernel(int, int, int, int, std::array<int, 4ul> const&, std::array<int, 4ul> const&, field_type&, int const*, int) [clone ._omp_fn.14];Outermost;0.0049999998882413;0.0012587406672537;0.0049596256576478;NA;NA;NA;NA;NA;NA;NA;NA;NA;NA;NA;NA
Loop 377;omp-cloverleaf;update_halo.cpp:76-77,context.h:69-69;update_halo_kernel(int, int, int, int, std::array<int, 4ul> const&, std::array<int, 4ul> const&, field_type&, int const*, int) [clone ._omp_fn.3];Outermost;0.0049999998882413;0.0012587406672537;0.0049596256576478;NA;NA;NA;NA;NA;NA;NA;NA;NA;NA;NA;NA
Loop 519;omp-cloverleaf;update_halo.cpp:633-636,context.h:69-69;update_halo_kernel(int, int, int, int, std::array<int, 4ul> const&, std::array<int, 4ul> const&, field_type&, int const*, int) [clone ._omp_fn.55];Outermost;0.0049999998882413;0.0012587406672537;0.0049596256576478;NA;NA;NA;NA;NA;NA;NA;NA;NA;NA;NA;NA
Loop 514;omp-cloverleaf;update_halo.cpp:615-616;update_halo_kernel(int, int, int, int, std::array<int, 4ul> const&, std::array<int, 4ul> const&, field_type&, int const*, int) [clone ._omp_fn.53];Outermost;0.0049999998882413;0.0012587406672537;0.0049596256576478;NA;NA;NA;NA;NA;NA;NA;NA;NA;NA;NA;NA
Loop 512;omp-cloverleaf;update_halo.cpp:605-606;update_halo_kernel(int, int, int, int, std::array<int, 4ul> const&, std::array<int, 4ul> const&, field_type&, int const*, int) [clone ._omp_fn.52];Outermost;0.0049999998882413;0.0012587406672537;0.0049596256576478;NA;NA;NA;NA;NA;NA;NA;NA;NA;NA;NA;NA
Loop 509;omp-cloverleaf;update_halo.cpp:590-593,context.h:69-69;update_halo_kernel(int, int, int, int, std::array<int, 4ul> const&, std::array<int, 4ul> const&, field_type&, int const*, int) [clone ._omp_fn.51];Outermost;0.0049999998882413;0.0012587406672537;0.0049596256576478;NA;NA;NA;NA;NA;NA;NA;NA;NA;NA;NA;NA
Loop 502;omp-cloverleaf;update_halo.cpp:562-563;update_halo_kernel(int, int, int, int, std::array<int, 4ul> const&, std::array<int, 4ul> const&, field_type&, int const*, int) [clone ._omp_fn.48];Outermost;0.0049999998882413;0.0012587406672537;0.0049596256576478;NA;NA;NA;NA;NA;NA;NA;NA;NA;NA;NA;NA
Loop 482;omp-cloverleaf;update_halo.cpp:476-477;update_halo_kernel(int, int, int, int, std::array<int, 4ul> const&, std::array<int, 4ul> const&, field_type&, int const*, int) [clone ._omp_fn.40];Outermost;0.0049999998882413;0.0012587406672537;0.0049596256576478;NA;NA;NA;NA;NA;NA;NA;NA;NA;NA;NA;NA
Loop 466;omp-cloverleaf;update_halo.cpp:408-411,context.h:69-69;update_halo_kernel(int, int, int, int, std::array<int, 4ul> const&, std::array<int, 4ul> const&, field_type&, int const*, int) [clone ._omp_fn.34];Outermost;0.0049999998882413;0.0012587406672537;0.0049596256576478;NA;NA;NA;NA;NA;NA;NA;NA;NA;NA;NA;NA
Loop 464;omp-cloverleaf;update_halo.cpp:400-401;update_halo_kernel(int, int, int, int, std::array<int, 4ul> const&, std::array<int, 4ul> const&, field_type&, int const*, int) [clone ._omp_fn.33];Outermost;0.0049999998882413;0.0012587406672537;0.0049596256576478;NA;NA;NA;NA;NA;NA;NA;NA;NA;NA;NA;NA
Loop 432;omp-cloverleaf;update_halo.cpp:281-282,context.h:69-69;update_halo_kernel(int, int, int, int, std::array<int, 4ul> const&, std::array<int, 4ul> const&, field_type&, int const*, int) [clone ._omp_fn.22];Outermost;0.0049999998882413;0.0012587406672537;0.0049596256576478;NA;NA;NA;NA;NA;NA;NA;NA;NA;NA;NA;NA
Loop 420;omp-cloverleaf;update_halo.cpp:238-239,context.h:69-69;update_halo_kernel(int, int, int, int, std::array<int, 4ul> const&, std::array<int, 4ul> const&, field_type&, int const*, int) [clone ._omp_fn.18];Outermost;0.0049999998882413;0.0012587406672537;0.0049596256576478;NA;NA;NA;NA;NA;NA;NA;NA;NA;NA;NA;NA
Loop 396;omp-cloverleaf;update_halo.cpp:152-153,context.h:69-69;update_halo_kernel(int, int, int, int, std::array<int, 4ul> const&, std::array<int, 4ul> const&, field_type&, int const*, int) [clone ._omp_fn.10];Outermost;0.0049999998882413;0.0012587406672537;0.0049596256576478;NA;NA;NA;NA;NA;NA;NA;NA;NA;NA;NA;NA
Loop 277;omp-cloverleaf;calc_dt.cpp:49-51,calc_dt.cpp:58-58,calc_dt.cpp:65-65,calc_dt.cpp:69-69,calc_dt.cpp:90-90,context.h:69-69;calc_dt_kernel(int, int, int, int, double, double, double, double, double, clover::Buffer2D<double>&, clover::Buffer2D<double>&, clover::Buffer1D<double>&, clover::Buffer1D<double>&, clover::Buffer1D<double>&, clover::Buffer1D<double>&, clover::Buffer2D<double>&, clover::Buffer2D<double>&, clover::Buffer2D<double>&, clover::Buffer2D<double>&, clover::Buffer2D<double>&, clover::Buffer2D<double>&, clover::Buffer2D<double>&, clover::Buffer2D<double>&, double&, int&, double&, double&, int&, int&, int&) [clone ._omp_fn.0];Outermost;0.0049999998882413;0.0012587406672537;0.0049596256576478;NA;NA;NA;NA;NA;NA;NA;NA;NA;NA;NA;NA
Loop 354;omp-cloverleaf;PdV.cpp:71-83,context.h:69-69;PdV_kernel(bool, int, int, int, int, double, clover::Buffer2D<double>&, clover::Buffer2D<double>&, clover::Buffer2D<double>&, clover::Buffer2D<double>&, clover::Buffer2D<double>&, clover::Buffer2D<double>&, clover::Buffer2D<double>&, clover::Buffer2D<double>&, clover::Buffer2D<double>&, clover::Buffer2D<double>&, clover::Buffer2D<double>&, clover::Buffer2D<double>&, clover::Buffer2D<double>&, clover::Buffer2D<double>&) [clone ._omp_fn.1];Outermost;0.0049999998882413;0.0012587406672537;0.0049596256576478;NA;NA;NA;NA;NA;NA;NA;NA;NA;NA;NA;NA
Loop 311;omp-cloverleaf;initialise_chunk.cpp:77-77,initialise_chunk.cpp:80-82,context.h:46-46,context.h:69-69;initialise_chunk(int, global_variables&) [clone ._omp_fn.4];Outermost;0.0049999998882413;0.0012587406672537;0.0049596256576478;NA;NA;NA;NA;NA;NA;NA;NA;NA;NA;NA;NA
Loop 267;omp-cloverleaf;context.h:69-69,build_field.cpp:118-118,build_field.cpp:121-128;build_field(global_variables&) [clone ._omp_fn.1];Outermost;0.0049999998882413;0.0012587406672537;0.0049596256576478;NA;NA;NA;NA;NA;NA;NA;NA;NA;NA;NA;NA
Loop 258;omp-cloverleaf;advec_mom.cpp:110-110,advec_mom.cpp:114-114,advec_mom.cpp:132-134,context.h:46-46,context.h:69-69;advec_mom_kernel(int, int, int, int, clover::Buffer2D<double>&, clover::Buffer2D<double>&, clover::Buffer2D<double>&, clover::Buffer2D<double>&, clover::Buffer2D<double>&, clover::Buffer2D<double>&, clover::Buffer2D<double>&, clover::Buffer2D<double>&, clover::Buffer2D<double>&, clover::Buffer2D<double>&, clover::Buffer2D<double>&, clover::Buffer2D<double>&, clover::Buffer2D<double>&, clover::Buffer1D<double>&, clover::Buffer1D<double>&, int, int, int) [clone ._omp_fn.6];InBetween;0.0049999998882413;0.0012587406672537;0.0049596256576478;NA;NA;NA;NA;NA;NA;NA;NA;NA;NA;NA;NA
Loop 241;omp-cloverleaf;advec_mom.cpp:64-66,context.h:69-69;advec_mom_kernel(int, int, int, int, clover::Buffer2D<double>&, clover::Buffer2D<double>&, clover::Buffer2D<double>&, clover::Buffer2D<double>&, clover::Buffer2D<double>&, clover::Buffer2D<double>&, clover::Buffer2D<double>&, clover::Buffer2D<double>&, clover::Buffer2D<double>&, clover::Buffer2D<double>&, clover::Buffer2D<double>&, clover::Buffer2D<double>&, clover::Buffer2D<double>&, clover::Buffer1D<double>&, clover::Buffer1D<double>&, int, int, int) [clone ._omp_fn.2];InBetween;0.0049999998882413;0.0012587406672537;0.0049596256576478;NA;NA;NA;NA;NA;NA;NA;NA;NA;NA;NA;NA
Loop 222;omp-cloverleaf;context.h:69-69,advec_cell.cpp:119-125;advec_cell_kernel(int, int, int, int, int, int, clover::Buffer1D<double>&, clover::Buffer1D<double>&, clover::Buffer2D<double>&, clover::Buffer2D<double>&, clover::Buffer2D<double>&, clover::Buffer2D<double>&, clover::Buffer2D<double>&, clover::Buffer2D<double>&, clover::Buffer2D<double>&, clover::Buffer2D<double>&, clover::Buffer2D<double>&, clover::Buffer2D<double>&, clover::Buffer2D<double>&, clover::Buffer2D<double>&, clover::Buffer2D<double>&, clover::Buffer2D<double>&) [clone ._omp_fn.3];Outermost;0.0049999998882413;0.0012587406672537;0.0049596256576478;NA;NA;NA;NA;NA;NA;NA;NA;NA;NA;NA;NA
